﻿{"cameraMode":{"drawMode":0,"name":"Shaded","section":"Shading Mode"},"sceneLighting":true,"audioPlay":false,"sceneViewState":{"showFog":true,"showMaterialUpdate":false,"showSkybox":true,"showFlares":true,"showImageEffects":true,"showParticleSystems":true},"in2DMode":false,"pivot":{"x":-21.652145385742189,"y":12.481681823730469,"z":6.59256649017334},"rotation":{"x":0.17355318367481233,"y":-0.655659019947052,"z":0.15858756005764008,"w":0.7175239324569702},"size":89.61207580566406,"orthographic":false}